Linux 3.19.0-39-lowlatency (flashstack-3) 	08/08/2017 	_x86_64_	(56 CPU)

#      Time   UID       PID    %usr %system  %guest    %CPU   CPU  minflt/s  majflt/s     VSZ    RSS   %MEM StkSize  StkRef   cswch/s nvcswch/s  Command

#      Time   UID       PID    %usr %system  %guest    %CPU   CPU  minflt/s  majflt/s     VSZ    RSS   %MEM StkSize  StkRef   cswch/s nvcswch/s  Command

#      Time   UID       PID    %usr %system  %guest    %CPU   CPU  minflt/s  majflt/s     VSZ    RSS   %MEM StkSize  StkRef   cswch/s nvcswch/s  Command

#      Time   UID       PID    %usr %system  %guest    %CPU   CPU  minflt/s  majflt/s     VSZ    RSS   %MEM StkSize  StkRef   cswch/s nvcswch/s  Command

#      Time   UID       PID    %usr %system  %guest    %CPU   CPU  minflt/s  majflt/s     VSZ    RSS   %MEM StkSize  StkRef   cswch/s nvcswch/s  Command

#      Time   UID       PID    %usr %system  %guest    %CPU   CPU  minflt/s  majflt/s     VSZ    RSS   %MEM StkSize  StkRef   cswch/s nvcswch/s  Command

#      Time   UID       PID    %usr %system  %guest    %CPU   CPU  minflt/s  majflt/s     VSZ    RSS   %MEM StkSize  StkRef   cswch/s nvcswch/s  Command

#      Time   UID       PID    %usr %system  %guest    %CPU   CPU  minflt/s  majflt/s     VSZ    RSS   %MEM StkSize  StkRef   cswch/s nvcswch/s  Command

#      Time   UID       PID    %usr %system  %guest    %CPU   CPU  minflt/s  majflt/s     VSZ    RSS   %MEM StkSize  StkRef   cswch/s nvcswch/s  Command

#      Time   UID       PID    %usr %system  %guest    %CPU   CPU  minflt/s  majflt/s     VSZ    RSS   %MEM StkSize  StkRef   cswch/s nvcswch/s  Command

#      Time   UID       PID    %usr %system  %guest    %CPU   CPU  minflt/s  majflt/s     VSZ    RSS   %MEM StkSize  StkRef   cswch/s nvcswch/s  Command

#      Time   UID       PID    %usr %system  %guest    %CPU   CPU  minflt/s  majflt/s     VSZ    RSS   %MEM StkSize  StkRef   cswch/s nvcswch/s  Command

#      Time   UID       PID    %usr %system  %guest    %CPU   CPU  minflt/s  majflt/s     VSZ    RSS   %MEM StkSize  StkRef   cswch/s nvcswch/s  Command
